Country Code,Short Name,Table Name,Long Name,2-alpha code,Currency Unit,Region,Income Group,WB-2 code
ABW,Aruba,Aruba,Aruba,AW,Aruban florin,Latin America & Caribbean,High income: nonOECD,AW
AFG,Afghanistan,Afghanistan,Islamic State of Afghanistan,AF,Afghan afghani,South Asia,Low income,AF
AGO,Angola,Angola,People's Republic of Angola,AO,Angolan kwanza,Sub-Saharan Africa,Upper middle income,AO
ALB,Albania,Albania,Republic of Albania,AL,Albanian lek,Europe & Central Asia,Upper middle income,AL
AND,Andorra,Andorra,Principality of Andorra,AD,Euro,Europe & Central Asia,High income: nonOECD,AD
ARB,Arab World,Arab World,Arab World,1A,,,,1A
ARE,United Arab Emirates,United Arab Emirates,United Arab Emirates,AE,U.A.E. dirham,Middle East & North Africa,High income: nonOECD,AE
ARG,Argentina,Argentina,Argentine Republic,AR,Argentine peso,Latin America & Caribbean,Upper middle income,AR
ARM,Armenia,Armenia,Republic of Armenia,AM,Armenian dram,Europe & Central Asia,Lower middle income,AM
ASM,American Samoa,American Samoa,American Samoa,AS,U.S. dollar,East Asia & Pacific,Upper middle income,AS
ATG,Antigua and Barbuda,Antigua and Barbuda,Antigua and Barbuda,AG,East Caribbean dollar,Latin America & Caribbean,High income: nonOECD,AG
AUS,Australia,Australia,Commonwealth of Australia,AU,Australian dollar,East Asia & Pacific,High income: OECD,AU
AUT,Austria,Austria,Republic of Austria,AT,Euro,Europe & Central Asia,High income: OECD,AT
AZE,Azerbaijan,Azerbaijan,Republic of Azerbaijan,AZ,New Azeri manat,Europe & Central Asia,Upper middle income,AZ
BDI,Burundi,Burundi,Republic of Burundi,BI,Burundi franc,Sub-Saharan Africa,Low income,BI
BEL,Belgium,Belgium,Kingdom of Belgium,BE,Euro,Europe & Central Asia,High income: OECD,BE
BEN,Benin,Benin,Republic of Benin,BJ,CFA franc,Sub-Saharan Africa,Low income,BJ
BFA,Burkina Faso,Burkina Faso,Burkina Faso,BF,CFA franc,Sub-Saharan Africa,Low income,BF
BGD,Bangladesh,Bangladesh,People's Republic of Bangladesh,BD,Bangladeshi taka,South Asia,Low income,BD
BGR,Bulgaria,Bulgaria,Republic of Bulgaria,BG,Bulgarian lev,Europe & Central Asia,Upper middle income,BG
BHR,Bahrain,Bahrain,Kingdom of Bahrain,BH,Bahraini dinar,Middle East & North Africa,High income: nonOECD,BH
BHS,The Bahamas,"Bahamas, The",Commonwealth of The Bahamas,BS,Bahamian dollar,Latin America & Caribbean,High income: nonOECD,BS
BIH,Bosnia and Herzegovina,Bosnia and Herzegovina,Bosnia and Herzegovina,BA,Bosnia and Herzegovina convertible mark,Europe & Central Asia,Upper middle income,BA
BLR,Belarus,Belarus,Republic of Belarus,BY,Belarusian rubel,Europe & Central Asia,Upper middle income,BY
BLZ,Belize,Belize,Belize,BZ,Belize dollar,Latin America & Caribbean,Upper middle income,BZ
BMU,Bermuda,Bermuda,The Bermudas,BM,Bermuda dollar,North America,High income: nonOECD,BM
BOL,Bolivia,Bolivia,Plurinational State of Bolivia,BO,Bolivian Boliviano,Latin America & Caribbean,Lower middle income,BO
BRA,Brazil,Brazil,Federative Republic of Brazil,BR,Brazilian real,Latin America & Caribbean,Upper middle income,BR
BRB,Barbados,Barbados,Barbados,BB,Barbados dollar,Latin America & Caribbean,High income: nonOECD,BB
BRN,Brunei,Brunei Darussalam,Brunei Darussalam,BN,Brunei dollar,East Asia & Pacific,High income: nonOECD,BN
BTN,Bhutan,Bhutan,Kingdom of Bhutan,BT,Bhutanese ngultrum,South Asia,Lower middle income,BT
BWA,Botswana,Botswana,Republic of Botswana,BW,Botswana pula,Sub-Saharan Africa,Upper middle income,BW
CAF,Central African Republic,Central African Republic,Central African Republic,CF,CFA franc,Sub-Saharan Africa,Low income,CF
CAN,Canada,Canada,Canada,CA,Canadian dollar,North America,High income: OECD,CA
CHE,Switzerland,Switzerland,Switzerland,CH,Swiss franc,Europe & Central Asia,High income: OECD,CH
CHI,Channel Islands,Channel Islands,Channel Islands,,Pound sterling,Europe & Central Asia,High income: nonOECD,JG
CHL,Chile,Chile,Republic of Chile,CL,Chilean peso,Latin America & Caribbean,High income: OECD,CL
CHN,China,China,People's Republic of China,CN,Chinese yuan,East Asia & Pacific,Upper middle income,CN
CIV,Côte d'Ivoire,Côte d'Ivoire,Republic of Côte d'Ivoire,CI,CFA franc,Sub-Saharan Africa,Lower middle income,CI
CMR,Cameroon,Cameroon,Republic of Cameroon,CM,CFA franc,Sub-Saharan Africa,Lower middle income,CM
COD,Dem. Rep. Congo,"Congo, Dem. Rep.",Democratic Republic of the Congo,CD,Congolese franc,Sub-Saharan Africa,Low income,ZR
COG,Congo,"Congo, Rep.",Republic of Congo,CG,CFA franc,Sub-Saharan Africa,Lower middle income,CG
COL,Colombia,Colombia,Republic of Colombia,CO,Colombian peso,Latin America & Caribbean,Upper middle income,CO
COM,Comoros,Comoros,Union of the Comoros,KM,Comorian franc,Sub-Saharan Africa,Low income,KM
CPV,Cabo Verde,Cabo Verde,Republic of Cabo Verde,CV,Cabo Verde escudo,Sub-Saharan Africa,Lower middle income,CV
CRI,Costa Rica,Costa Rica,Republic of Costa Rica,CR,Costa Rican colon,Latin America & Caribbean,Upper middle income,CR
CUB,Cuba,Cuba,Republic of Cuba,CU,Cuban peso,Latin America & Caribbean,Upper middle income,CU
CUW,Curaçao,Curaçao,Curaçao,CW,Netherlands Antilles guilder,Latin America & Caribbean,High income: nonOECD,CW
CYM,Cayman Islands,Cayman Islands,Cayman Islands,KY,Cayman Islands dollar,Latin America & Caribbean,High income: nonOECD,KY
CYP,Cyprus,Cyprus,Republic of Cyprus,CY,Euro,Europe & Central Asia,High income: nonOECD,CY
CZE,Czech Republic,Czech Republic,Czech Republic,CZ,Czech koruna,Europe & Central Asia,High income: OECD,CZ
DEU,Germany,Germany,Federal Republic of Germany,DE,Euro,Europe & Central Asia,High income: OECD,DE
DJI,Djibouti,Djibouti,Republic of Djibouti,DJ,Djibouti franc,Middle East & North Africa,Lower middle income,DJ
DMA,Dominica,Dominica,Commonwealth of Dominica,DM,East Caribbean dollar,Latin America & Caribbean,Upper middle income,DM
DNK,Denmark,Denmark,Kingdom of Denmark,DK,Danish krone,Europe & Central Asia,High income: OECD,DK
DOM,Dominican Republic,Dominican Republic,Dominican Republic,DO,Dominican peso,Latin America & Caribbean,Upper middle income,DO
DZA,Algeria,Algeria,People's Democratic Republic of Algeria,DZ,Algerian dinar,Middle East & North Africa,Upper middle income,DZ
EAP,East Asia & Pacific (developing only),East Asia & Pacific,East Asia & Pacific (developing only),4E,,,,4E
EAS,East Asia & Pacific (all income levels),East Asia & Pacific (all income levels),East Asia & Pacific (all income levels),Z4,,,,Z4
ECA,Europe & Central Asia (developing only),Europe & Central Asia,Europe & Central Asia (developing only),7E,,,,7E
ECS,Europe & Central Asia (all income levels),Europe & Central Asia (all income levels),Europe & Central Asia (all income levels),Z7,,,,Z7
ECU,Ecuador,Ecuador,Republic of Ecuador,EC,U.S. dollar,Latin America & Caribbean,Upper middle income,EC
EGY,Egypt,"Egypt, Arab Rep.",Arab Republic of Egypt,EG,Egyptian pound,Middle East & North Africa,Lower middle income,EG
EMU,Euro area,Euro area,Euro area,XC,,,,XC
ERI,Eritrea,Eritrea,State of Eritrea,ER,Eritrean nakfa,Sub-Saharan Africa,Low income,ER
ESP,Spain,Spain,Kingdom of Spain,ES,Euro,Europe & Central Asia,High income: OECD,ES
EST,Estonia,Estonia,Republic of Estonia,EE,Euro,Europe & Central Asia,High income: OECD,EE
ETH,Ethiopia,Ethiopia,Federal Democratic Republic of Ethiopia,ET,Ethiopian birr,Sub-Saharan Africa,Low income,ET
EUU,European Union,European Union,European Union,EU,,,,EU
FIN,Finland,Finland,Republic of Finland,FI,Euro,Europe & Central Asia,High income: OECD,FI
FJI,Fiji,Fiji,Republic of Fiji,FJ,Fijian dollar,East Asia & Pacific,Upper middle income,FJ
FRA,France,France,French Republic,FR,Euro,Europe & Central Asia,High income: OECD,FR
FRO,Faeroe Islands,Faeroe Islands,Faeroe Islands,FO,Danish krone,Europe & Central Asia,High income: nonOECD,FO
FSM,Micronesia,"Micronesia, Fed. Sts.",Federated States of Micronesia,FM,U.S. dollar,East Asia & Pacific,Lower middle income,FM
GAB,Gabon,Gabon,Gabonese Republic,GA,CFA franc,Sub-Saharan Africa,Upper middle income,GA
GBR,United Kingdom,United Kingdom,United Kingdom of Great Britain and Northern Ireland,GB,Pound sterling,Europe & Central Asia,High income: OECD,GB
GEO,Georgia,Georgia,Georgia,GE,Georgian lari,Europe & Central Asia,Lower middle income,GE
GHA,Ghana,Ghana,Republic of Ghana,GH,New Ghanaian cedi,Sub-Saharan Africa,Lower middle income,GH
GIB,Gibraltar,Gibraltar,Gibraltar,GI,Gibraltar pound,,,GI
GIN,Guinea,Guinea,Republic of Guinea,GN,Guinean franc,Sub-Saharan Africa,Low income,GN
GMB,The Gambia,"Gambia, The",Republic of The Gambia,GM,Gambian dalasi,Sub-Saharan Africa,Low income,GM
GNB,Guinea-Bissau,Guinea-Bissau,Republic of Guinea-Bissau,GW,CFA franc,Sub-Saharan Africa,Low income,GW
GNQ,Equatorial Guinea,Equatorial Guinea,Republic of Equatorial Guinea,GQ,CFA franc,Sub-Saharan Africa,High income: nonOECD,GQ
GRC,Greece,Greece,Hellenic Republic,GR,Euro,Europe & Central Asia,High income: OECD,GR
GRD,Grenada,Grenada,Grenada,GD,East Caribbean dollar,Latin America & Caribbean,Upper middle income,GD
GRL,Greenland,Greenland,Greenland,GL,Danish krone,Europe & Central Asia,High income: nonOECD,GL
GTM,Guatemala,Guatemala,Republic of Guatemala,GT,Guatemalan quetzal,Latin America & Caribbean,Lower middle income,GT
GUM,Guam,Guam,Guam,GU,U.S. dollar,East Asia & Pacific,High income: nonOECD,GU
GUY,Guyana,Guyana,Co-operative Republic of Guyana,GY,Guyana dollar,Latin America & Caribbean,Lower middle income,GY
HIC,High income,High income,High income,XD,,,,XD
HKG,"Hong Kong SAR, China","Hong Kong SAR, China",Hong Kong Special Administrative Region of the People's Republic of China,HK,Hong Kong dollar,East Asia & Pacific,High income: nonOECD,HK
HND,Honduras,Honduras,Republic of Honduras,HN,Honduran lempira,Latin America & Caribbean,Lower middle income,HN
HPC,Heavily indebted poor countries (HIPC),Heavily indebted poor countries (HIPC),Heavily indebted poor countries (HIPC),XE,,,,XE
HRV,Croatia,Croatia,Republic of Croatia,HR,Croatian kuna,Europe & Central Asia,High income: nonOECD,HR
HTI,Haiti,Haiti,Republic of Haiti,HT,Haitian gourde,Latin America & Caribbean,Low income,HT
HUN,Hungary,Hungary,Hungary,HU,Hungarian forint,Europe & Central Asia,Upper middle income,HU
IDN,Indonesia,Indonesia,Republic of Indonesia,ID,Indonesian rupiah,East Asia & Pacific,Lower middle income,ID
IMN,Isle of Man,Isle of Man,Isle of Man,IM,Pound sterling,Europe & Central Asia,High income: nonOECD,IM
IND,India,India,Republic of India,IN,Indian rupee,South Asia,Lower middle income,IN
IRL,Ireland,Ireland,Ireland,IE,Euro,Europe & Central Asia,High income: OECD,IE
IRN,Iran,"Iran, Islamic Rep.",Islamic Republic of Iran,IR,Iranian rial,Middle East & North Africa,Upper middle income,IR
IRQ,Iraq,Iraq,Republic of Iraq,IQ,Iraqi dinar,Middle East & North Africa,Upper middle income,IQ
ISL,Iceland,Iceland,Republic of Iceland,IS,Iceland krona,Europe & Central Asia,High income: OECD,IS
ISR,Israel,Israel,State of Israel,IL,Israeli new shekel,Middle East & North Africa,High income: OECD,IL
ITA,Italy,Italy,Italian Republic,IT,Euro,Europe & Central Asia,High income: OECD,IT
JAM,Jamaica,Jamaica,Jamaica,JM,Jamaican dollar,Latin America & Caribbean,Upper middle income,JM
JOR,Jordan,Jordan,Hashemite Kingdom of Jordan,JO,Jordanian dinar,Middle East & North Africa,Upper middle income,JO
JPN,Japan,Japan,Japan,JP,Japanese yen,East Asia & Pacific,High income: OECD,JP
KAZ,Kazakhstan,Kazakhstan,Republic of Kazakhstan,KZ,Kazakh tenge,Europe & Central Asia,Upper middle income,KZ
KEN,Kenya,Kenya,Republic of Kenya,KE,Kenyan shilling,Sub-Saharan Africa,Low income,KE
KGZ,Kyrgyz Republic,Kyrgyz Republic,Kyrgyz Republic,KG,Kyrgyz som,Europe & Central Asia,Lower middle income,KG
KHM,Cambodia,Cambodia,Kingdom of Cambodia,KH,Cambodian riel,East Asia & Pacific,Low income,KH
KIR,Kiribati,Kiribati,Republic of Kiribati,KI,Australian dollar,East Asia & Pacific,Lower middle income,KI
KNA,St. Kitts and Nevis,St. Kitts and Nevis,St. Kitts and Nevis,KN,East Caribbean dollar,Latin America & Caribbean,High income: nonOECD,KN
KOR,Korea,"Korea, Rep.",Republic of Korea,KR,Korean won,East Asia & Pacific,High income: OECD,KR
KWT,Kuwait,Kuwait,State of Kuwait,KW,Kuwaiti dinar,Middle East & North Africa,High income: nonOECD,KW
LAC,Latin America & Caribbean (developing only),Latin America & Caribbean,Latin America & Caribbean (developing only),XJ,,,,XJ
LAO,Lao PDR,Lao PDR,Lao People's Democratic Republic,LA,Lao kip,East Asia & Pacific,Lower middle income,LA
LBN,Lebanon,Lebanon,Lebanese Republic,LB,Lebanese pound,Middle East & North Africa,Upper middle income,LB
LBR,Liberia,Liberia,Republic of Liberia,LR,Liberian dollar,Sub-Saharan Africa,Low income,LR
LBY,Libya,Libya,Socialist People's Libyan Arab Jamahiriya,LY,Libyan dinar,Middle East & North Africa,Upper middle income,LY
LCA,St. Lucia,St. Lucia,St. Lucia,LC,East Caribbean dollar,Latin America & Caribbean,Upper middle income,LC
LCN,Latin America & Caribbean (all income levels),Latin America & Caribbean (all income levels),Latin America & Caribbean (all income levels),ZJ,,,,ZJ
LDC,Least developed countries: UN classification,Least developed countries: UN classification,Least developed countries: UN classification,XL,,,,XL
LIC,Low income,Low income,Low income,XM,,,,XM
LIE,Liechtenstein,Liechtenstein,Principality of Liechtenstein,LI,Swiss franc,Europe & Central Asia,High income: nonOECD,LI
LKA,Sri Lanka,Sri Lanka,Democratic Socialist Republic of Sri Lanka,LK,Sri Lankan rupee,South Asia,Lower middle income,LK
LMC,Lower middle income,Lower middle income,Lower middle income,XN,,,,XN
LMY,Low & middle income,Low & middle income,Low & middle income,XO,,,,XO
LSO,Lesotho,Lesotho,Kingdom of Lesotho,LS,Lesotho loti,Sub-Saharan Africa,Lower middle income,LS
LTU,Lithuania,Lithuania,Republic of Lithuania,LT,Lithuanian litas,Europe & Central Asia,High income: nonOECD,LT
LUX,Luxembourg,Luxembourg,Grand Duchy of Luxembourg,LU,Euro,Europe & Central Asia,High income: OECD,LU
LVA,Latvia,Latvia,Republic of Latvia,LV,Latvian lats,Europe & Central Asia,High income: nonOECD,LV
MAC,"Macao SAR, China","Macao SAR, China",Macao Special Administrative Region of the People's Republic of China,MO,Macao pataca,East Asia & Pacific,High income: nonOECD,MO
MAF,St. Martin (French part),St. Martin (French part),St. Martin (French part),MF,Euro,Latin America & Caribbean,High income: nonOECD,MF
MAR,Morocco,Morocco,Kingdom of Morocco,MA,Moroccan dirham,Middle East & North Africa,Lower middle income,MA
MCO,Monaco,Monaco,Principality of Monaco,MC,Euro,Europe & Central Asia,High income: nonOECD,MC
MDA,Moldova,Moldova,Republic of Moldova,MD,Moldovan leu,Europe & Central Asia,Lower middle income,MD
MDG,Madagascar,Madagascar,Republic of Madagascar,MG,Malagasy ariary,Sub-Saharan Africa,Low income,MG
MDV,Maldives,Maldives,Republic of Maldives,MV,Maldivian rufiyaa,South Asia,Upper middle income,MV
MEA,Middle East & North Africa (all income levels),Middle East & North Africa (all income levels),Middle East & North Africa (all income levels),ZQ,,,,ZQ
MEX,Mexico,Mexico,United Mexican States,MX,Mexican peso,Latin America & Caribbean,Upper middle income,MX
MHL,Marshall Islands,Marshall Islands,Republic of the Marshall Islands,MH,U.S. dollar,East Asia & Pacific,Upper middle income,MH
MIC,Middle income,Middle income,Middle income,XP,,,,XP
MKD,Macedonia,"Macedonia, FYR",Former Yugoslav Republic of Macedonia,MK,Macedonian denar,Europe & Central Asia,Upper middle income,MK
MLI,Mali,Mali,Republic of Mali,ML,CFA franc,Sub-Saharan Africa,Low income,ML
MLT,Malta,Malta,Republic of Malta,MT,Euro,Middle East & North Africa,High income: nonOECD,MT
MMR,Myanmar,Myanmar,Republic of the Union of Myanmar,MM,Myanmar kyat,East Asia & Pacific,Low income,MM
MNA,Middle East & North Africa (developing only),Middle East & North Africa,Middle East & North Africa (developing only),XQ,,,,XQ
MNE,Montenegro,Montenegro,Montenegro,ME,Euro,Europe & Central Asia,Upper middle income,ME
MNG,Mongolia,Mongolia,Mongolia,MN,Mongolian tugrik,East Asia & Pacific,Lower middle income,MN
MNP,Northern Mariana Islands,Northern Mariana Islands,Commonwealth of the Northern Mariana Islands,MP,U.S. dollar,East Asia & Pacific,High income: nonOECD,MP
MOZ,Mozambique,Mozambique,Republic of Mozambique,MZ,New Mozambican metical,Sub-Saharan Africa,Low income,MZ
MRT,Mauritania,Mauritania,Islamic Republic of Mauritania,MR,Mauritanian ouguiya,Sub-Saharan Africa,Lower middle income,MR
MUS,Mauritius,Mauritius,Republic of Mauritius,MU,Mauritian rupee,Sub-Saharan Africa,Upper middle income,MU
MWI,Malawi,Malawi,Republic of Malawi,MW,Malawi kwacha,Sub-Saharan Africa,Low income,MW
MYS,Malaysia,Malaysia,Malaysia,MY,Malaysian ringgit,East Asia & Pacific,Upper middle income,MY
NAC,North America,North America,North America,XU,,,,XU
NAM,Namibia,Namibia,Republic of Namibia,NA,Namibian dollar,Sub-Saharan Africa,Upper middle income,NA
NCL,New Caledonia,New Caledonia,New Caledonia,NC,CFP franc,East Asia & Pacific,High income: nonOECD,NC
NER,Niger,Niger,Republic of Niger,NE,CFA franc,Sub-Saharan Africa,Low income,NE
NGA,Nigeria,Nigeria,Federal Republic of Nigeria,NG,Nigerian naira,Sub-Saharan Africa,Lower middle income,NG
NIC,Nicaragua,Nicaragua,Republic of Nicaragua,NI,Nicaraguan gold cordoba,Latin America & Caribbean,Lower middle income,NI
NLD,Netherlands,Netherlands,Kingdom of the Netherlands,NL,Euro,Europe & Central Asia,High income: OECD,NL
NOR,Norway,Norway,Kingdom of Norway,NO,Norwegian krone,Europe & Central Asia,High income: OECD,NO
NPL,Nepal,Nepal,Nepal,NP,Nepalese rupee,South Asia,Low income,NP
NRU,Nauru,Nauru,Nauru,NR,,,,NR
NZL,New Zealand,New Zealand,New Zealand,NZ,New Zealand dollar,East Asia & Pacific,High income: OECD,NZ
OED,OECD members,OECD members,OECD members,OE,,,,OE
OMN,Oman,Oman,Sultanate of Oman,OM,Rial Omani,Middle East & North Africa,High income: nonOECD,OM
PAK,Pakistan,Pakistan,Islamic Republic of Pakistan,PK,Pakistani rupee,South Asia,Lower middle income,PK
PAN,Panama,Panama,Republic of Panama,PA,Panamanian balboa,Latin America & Caribbean,Upper middle income,PA
PER,Peru,Peru,Republic of Peru,PE,Peruvian new sol,Latin America & Caribbean,Upper middle income,PE
PHL,Philippines,Philippines,Republic of the Philippines,PH,Philippine peso,East Asia & Pacific,Lower middle income,PH
PLW,Palau,Palau,Republic of Palau,PW,U.S. dollar,East Asia & Pacific,Upper middle income,PW
PNG,Papua New Guinea,Papua New Guinea,The Independent State of Papua New Guinea,PG,Papua New Guinea kina,East Asia & Pacific,Lower middle income,PG
POL,Poland,Poland,Republic of Poland,PL,Polish zloty,Europe & Central Asia,High income: OECD,PL
PRI,Puerto Rico,Puerto Rico,Puerto Rico,PR,U.S. dollar,Latin America & Caribbean,High income: nonOECD,PR
PRK,Dem. People's Rep. Korea,"Korea, Dem. Rep.",Democratic People's Republic of Korea,KP,Democratic People's Republic of Korean won,East Asia & Pacific,Low income,KP
PRT,Portugal,Portugal,Portuguese Republic,PT,Euro,Europe & Central Asia,High income: OECD,PT
PRY,Paraguay,Paraguay,Republic of Paraguay,PY,Paraguayan guarani,Latin America & Caribbean,Lower middle income,PY
PSE,West Bank and Gaza,West Bank and Gaza,West Bank and Gaza,PS,Israeli new shekel,Middle East & North Africa,Lower middle income,GZ
PYF,French Polynesia,French Polynesia,French Polynesia,PF,CFP franc,East Asia & Pacific,High income: nonOECD,PF
QAT,Qatar,Qatar,State of Qatar,QA,Qatari riyal,Middle East & North Africa,High income: nonOECD,QA
ROU,Romania,Romania,Romania,RO,New Romanian leu,Europe & Central Asia,Upper middle income,RO
RUS,Russia,Russian Federation,Russian Federation,RU,Russian ruble,Europe & Central Asia,High income: nonOECD,RU
RWA,Rwanda,Rwanda,Republic of Rwanda,RW,Rwandan franc,Sub-Saharan Africa,Low income,RW
SAS,South Asia,South Asia,South Asia,8S,,,,8S
SAU,Saudi Arabia,Saudi Arabia,Kingdom of Saudi Arabia,SA,Saudi Arabian riyal,Middle East & North Africa,High income: nonOECD,SA
SDN,Sudan,Sudan,Republic of the Sudan,SD,Sudanese pound,Sub-Saharan Africa,Lower middle income,SD
SEN,Senegal,Senegal,Republic of Senegal,SN,CFA franc,Sub-Saharan Africa,Lower middle income,SN
SGP,Singapore,Singapore,Republic of Singapore,SG,Singapore dollar,East Asia & Pacific,High income: nonOECD,SG
SLB,Solomon Islands,Solomon Islands,Solomon Islands,SB,Solomon Islands dollar,East Asia & Pacific,Lower middle income,SB
SLE,Sierra Leone,Sierra Leone,Republic of Sierra Leone,SL,Sierra Leonean leone,Sub-Saharan Africa,Low income,SL
SLV,El Salvador,El Salvador,Republic of El Salvador,SV,U.S. dollar,Latin America & Caribbean,Lower middle income,SV
SMR,San Marino,San Marino,Republic of San Marino,SM,Euro,Europe & Central Asia,High income: nonOECD,SM
SOM,Somalia,Somalia,Somali Democratic Republic,SO,Somali shilling,Sub-Saharan Africa,Low income,SO
SRB,Serbia,Serbia,Republic of Serbia,RS,New Serbian dinar,Europe & Central Asia,Upper middle income,YF
SSA,Sub-Saharan Africa (developing only),Sub-Saharan Africa,Sub-Saharan Africa (developing only),ZF,,,,ZF
SSD,South Sudan,South Sudan,Republic of South Sudan,SS,South Sudanese Pound,Sub-Saharan Africa,Lower middle income,SS
SSF,Sub-Saharan Africa (all income levels),Sub-Saharan Africa (all income levels),Sub-Saharan Africa (all income levels),ZG,,,,ZG
STP,São Tomé and Principe,São Tomé and Principe,Democratic Republic of São Tomé and Principe,ST,São Tomé and Principe dobra,Sub-Saharan Africa,Lower middle income,ST
SUR,Suriname,Suriname,Republic of Suriname,SR,Suriname dollar,Latin America & Caribbean,Upper middle income,SR
SVK,Slovak Republic,Slovak Republic,Slovak Republic,SK,Euro,Europe & Central Asia,High income: OECD,SK
SVN,Slovenia,Slovenia,Republic of Slovenia,SI,Euro,Europe & Central Asia,High income: OECD,SI
SWE,Sweden,Sweden,Kingdom of Sweden,SE,Swedish krona,Europe & Central Asia,High income: OECD,SE
SWZ,Swaziland,Swaziland,Kingdom of Swaziland,SZ,Swaziland lilangeni,Sub-Saharan Africa,Lower middle income,SZ
SXM,Sint Maarten (Dutch part),Sint Maarten (Dutch part),Sint Maarten (Dutch part),SX,Netherlands Antilles guilder,Latin America & Caribbean,High income: nonOECD,SX
SYC,Seychelles,Seychelles,Republic of Seychelles,SC,Seychelles rupee,Sub-Saharan Africa,Upper middle income,SC
SYR,Syrian Arab Republic,Syrian Arab Republic,Syrian Arab Republic,SY,Syrian pound,Middle East & North Africa,Lower middle income,SY
TCA,Turks and Caicos Islands,Turks and Caicos Islands,Turks and Caicos Islands,TC,U.S. dollar,Latin America & Caribbean,High income: nonOECD,TC
TCD,Chad,Chad,Republic of Chad,TD,CFA franc,Sub-Saharan Africa,Low income,TD
TGO,Togo,Togo,Republic of Togo,TG,CFA franc,Sub-Saharan Africa,Low income,TG
THA,Thailand,Thailand,Kingdom of Thailand,TH,Thai baht,East Asia & Pacific,Upper middle income,TH
TJK,Tajikistan,Tajikistan,Republic of Tajikistan,TJ,Tajik somoni,Europe & Central Asia,Low income,TJ
TKM,Turkmenistan,Turkmenistan,Turkmenistan,TM,New Turkmen manat,Europe & Central Asia,Upper middle income,TM
TLS,Timor-Leste,Timor-Leste,Democratic Republic of Timor-Leste,TL,U.S. dollar,East Asia & Pacific,Lower middle income,TP
TON,Tonga,Tonga,Kingdom of Tonga,TO,Tongan pa'anga,East Asia & Pacific,Upper middle income,TO
TTO,Trinidad and Tobago,Trinidad and Tobago,Republic of Trinidad and Tobago,TT,Trinidad and Tobago dollar,Latin America & Caribbean,High income: nonOECD,TT
TUN,Tunisia,Tunisia,Republic of Tunisia,TN,Tunisian dinar,Middle East & North Africa,Upper middle income,TN
TUR,Turkey,Turkey,Republic of Turkey,TR,New Turkish lira,Europe & Central Asia,Upper middle income,TR
TUV,Tuvalu,Tuvalu,Tuvalu,TV,Australian dollar,East Asia & Pacific,Upper middle income,TV
TZA,Tanzania,Tanzania,United Republic of Tanzania,TZ,Tanzanian shilling,Sub-Saharan Africa,Low income,TZ
UGA,Uganda,Uganda,Republic of Uganda,UG,Ugandan shilling,Sub-Saharan Africa,Low income,UG
UKR,Ukraine,Ukraine,Ukraine,UA,Ukrainian hryvnia,Europe & Central Asia,Lower middle income,UA
UMC,Upper middle income,Upper middle income,Upper middle income,XT,,,,XT
URY,Uruguay,Uruguay,Oriental Republic of Uruguay,UY,Uruguayan peso,Latin America & Caribbean,High income: nonOECD,UY
USA,United States,United States,United States of America,US,U.S. dollar,North America,High income: OECD,US
UZB,Uzbekistan,Uzbekistan,Republic of Uzbekistan,UZ,Uzbek sum,Europe & Central Asia,Lower middle income,UZ
VCT,St. Vincent and the Grenadines,St. Vincent and the Grenadines,St. Vincent and the Grenadines,VC,East Caribbean dollar,Latin America & Caribbean,Upper middle income,VC
VEN,Venezuela,"Venezuela, RB",República Bolivariana de Venezuela,VE,Venezuelan bolivar fuerte,Latin America & Caribbean,Upper middle income,VE
VIR,Virgin Islands,Virgin Islands (U.S.),Virgin Islands of the United States,VI,U.S. dollar,Latin America & Caribbean,High income: nonOECD,VI
VNM,Vietnam,Vietnam,Socialist Republic of Vietnam,VN,Vietnamese dong,East Asia & Pacific,Lower middle income,VN
VUT,Vanuatu,Vanuatu,Republic of Vanuatu,VU,Vanuatu vatu,East Asia & Pacific,Lower middle income,VU
WLD,World,World,World,1W,,,,1W
WSM,Samoa,Samoa,Samoa,WS,Samoan tala,East Asia & Pacific,Lower middle income,WS
XKX,Kosovo,Kosovo,Republic of Kosovo,,Euro,Europe & Central Asia,Lower middle income,KV
YEM,Yemen,"Yemen, Rep.",Republic of Yemen,YE,Yemeni rial,Middle East & North Africa,Lower middle income,RY
ZAF,South Africa,South Africa,Republic of South Africa,ZA,South African rand,Sub-Saharan Africa,Upper middle income,ZA
ZMB,Zambia,Zambia,Republic of Zambia,ZM,New Zambian kwacha,Sub-Saharan Africa,Lower middle income,ZM
ZWE,Zimbabwe,Zimbabwe,Republic of Zimbabwe,ZW,U.S. dollar,Sub-Saharan Africa,Low income,ZW
